{
  "inform_nome_corso": {
    "precision": 0.9473684210526315,
    "recall": 0.8571428571428571,
    "f1-score": 0.9,
    "support": 21,
    "confused_with": {
      "inform_argomenti": 3
    }
  },
  "inform_competenze": {
    "precision": 0.5454545454545454,
    "recall": 0.5,
    "f1-score": 0.5217391304347826,
    "support": 12,
    "confused_with": {
      "inform_abilità": 6
    }
  },
  "inform_numerics": {
    "precision": 1.0,
    "recall": 1.0,
    "f1-score": 1.0,
    "support": 89,
    "confused_with": {}
  },
  "inform_abilità": {
    "precision": 0.45454545454545453,
    "recall": 0.5,
    "f1-score": 0.47619047619047616,
    "support": 10,
    "confused_with": {
      "inform_competenze": 5
    }
  },
  "inform_argomenti": {
    "precision": 0.7692307692307693,
    "recall": 0.9090909090909091,
    "f1-score": 0.8333333333333333,
    "support": 11,
    "confused_with": {
      "inform_nome_corso": 1
    }
  },
  "accuracy": 0.8951048951048951,
  "macro avg": {
    "precision": 0.7433198380566801,
    "recall": 0.7532467532467533,
    "f1-score": 0.7462525879917183,
    "support": 143
  },
  "weighted avg": {
    "precision": 0.8982320587031665,
    "recall": 0.8951048951048951,
    "f1-score": 0.8957303565999218,
    "support": 143
  },
  "micro avg": {
    "precision": 0.8951048951048951,
    "recall": 0.8951048951048951,
    "f1-score": 0.8951048951048951,
    "support": 143
  }
}