{
  "inform_numerics": {
    "precision": 1.0,
    "recall": 1.0,
    "f1-score": 1.0,
    "support": 89,
    "confused_with": {}
  },
  "inform_nome_corso": {
    "precision": 0.8571428571428571,
    "recall": 0.5714285714285714,
    "f1-score": 0.6857142857142857,
    "support": 21,
    "confused_with": {
      "inform_argomenti": 6,
      "inform_competenze": 3
    }
  },
  "inform_argomenti": {
    "precision": 0.5714285714285714,
    "recall": 0.7272727272727273,
    "f1-score": 0.64,
    "support": 11,
    "confused_with": {
      "inform_nome_corso": 2,
      "inform_competenze": 1
    }
  },
  "inform_abilità": {
    "precision": 0.5,
    "recall": 0.6,
    "f1-score": 0.5454545454545454,
    "support": 10,
    "confused_with": {
      "inform_competenze": 4
    }
  },
  "inform_competenze": {
    "precision": 0.42857142857142855,
    "recall": 0.5,
    "f1-score": 0.4615384615384615,
    "support": 12,
    "confused_with": {
      "inform_abilità": 6
    }
  },
  "accuracy": 0.8461538461538461,
  "macro avg": {
    "precision": 0.6714285714285715,
    "recall": 0.6797402597402598,
    "f1-score": 0.6665414585414585,
    "support": 143
  },
  "weighted avg": {
    "precision": 0.8631368631368631,
    "recall": 0.8461538461538461,
    "f1-score": 0.849181867083965,
    "support": 143
  },
  "micro avg": {
    "precision": 0.8461538461538461,
    "recall": 0.8461538461538461,
    "f1-score": 0.8461538461538461,
    "support": 143
  }
}